OBJECTID,RS,AGS,SDV_RS,GEN,BEZ,IBZ,BEM,SN_L,SN_R,SN_K,SN_V1,SN_V2,SN_G,FK_S3,NUTS,WSK,Shape__Area,Shape__Length
1,01001,01001,010010000000,Flensburg,Kreisfreie Stadt,40,--,01,0,01,00,00,000,R,DEF01,2008-01-01T00:00:00.000Z,147693625.790039,74100.9470635039
2,01002,01002,010020000000,Kiel,Kreisfreie Stadt,40,--,01,0,02,00,00,000,R,DEF02,2006-01-01T00:00:00.000Z,329500746.704102,178892.913418475
3,01003,01003,010030000000,Lübeck,Kreisfreie Stadt,40,--,01,0,03,00,00,000,R,DEF03,2006-02-01T00:00:00.000Z,608007215.909668,248166.851052505
4,01004,01004,010040000000,Neumünster,Kreisfreie Stadt,40,--,01,0,04,00,00,000,R,DEF04,1970-04-26T00:00:00.000Z,207189855.42627,93457.8216460051
5,01051,01051,010510044044,Dithmarschen,Kreis,42,--,01,0,51,00,00,000,R,DEF05,2011-08-01T00:00:00.000Z,4147454779.83984,427802.636434203
6,01053,01053,010530100100,Herzogtum Lauenburg,Kreis,42,--,01,0,53,00,00,000,R,DEF06,2009-01-01T00:00:00.000Z,3577022969.72021,431012.89930805
7,01054,01054,010540056056,Nordfriesland,Kreis,42,--,01,0,54,00,00,000,R,DEF07,2016-01-01T00:00:00.000Z,6219441195.23779,1103174.21030003
8,01055,01055,010550012012,Ostholstein,Kreis,42,--,01,0,55,00,00,000,R,DEF08,2010-01-01T00:00:00.000Z,4041330889.85889,618466.45395594
9,01056,01056,010560039039,Pinneberg,Kreis,42,--,01,0,56,00,00,000,R,DEF09,2009-01-01T00:00:00.000Z,1816149633.12744,314023.172809978
10,01057,01057,010570057057,Plön,Kreis,42,--,01,0,57,00,00,000,R,DEF0A,2009-01-01T00:00:00.000Z,3165070239.28076,391342.657872686
11,01058,01058,010580135135,Rendsburg-Eckernförde,Kreis,42,--,01,0,58,00,00,000,R,DEF0B,2014-02-01T00:00:00.000Z,6353979578.81885,636142.629017845
12,01059,01059,010590075075,Schleswig-Flensburg,Kreis,42,--,01,0,59,00,00,000,R,DEF0C,2016-01-01T00:00:00.000Z,5926777376.71582,755139.034767872
13,01060,01060,010600005005,Segeberg,Kreis,42,--,01,0,60,00,00,000,R,DEF0D,2010-01-01T00:00:00.000Z,3872871965.76563,488272.990039068
14,01061,01061,010610046046,Steinburg,Kreis,42,--,01,0,61,00,00,000,R,DEF0E,2009-01-01T00:00:00.000Z,2930900267.96191,350989.08521124
15,01062,01062,010620004004,Stormarn,Kreis,42,--,01,0,62,00,00,000,R,DEF0F,2010-01-01T00:00:00.000Z,2183690097.32764,429315.090747425
16,02000,02000,020000000000,Hamburg,Kreisfreie Stadt,40,--,02,0,00,00,00,000,R,DE600,1974-01-01T00:00:00.000Z,2088122111.09668,420112.259222836
17,03101,03101,031010000000,Braunschweig,Kreisfreie Stadt,40,--,03,1,01,00,00,000,K,DE911,1974-03-01T00:00:00.000Z,512920024.119141,157241.435006275
18,03102,03102,031020000000,Salzgitter,Kreisfreie Stadt,40,--,03,1,02,00,00,000,K,DE912,1974-03-01T00:00:00.000Z,596115690.651855,177812.851877404
19,03103,03103,031030000000,Wolfsburg,Kreisfreie Stadt,40,--,03,1,03,00,00,000,K,DE913,1972-07-01T00:00:00.000Z,550014028.036133,149492.861866145
20,03151,03151,031510009009,Gifhorn,Landkreis,43,--,03,1,51,00,00,000,K,DE914,2009-01-01T00:00:00.000Z,4242464944.61279,462846.39888625
21,03153,03153,031530017017,Goslar,Landkreis,43,--,03,1,53,00,00,000,K,DE916,2014-01-01T00:00:00.000Z,2538037891.83203,377860.383305107
22,03154,03154,031540028028,Helmstedt,Landkreis,43,--,03,1,54,00,00,000,K,DE917,2017-07-01T00:00:00.000Z,1800554829.78418,377352.309530368
23,03155,03155,031550011011,Northeim,Landkreis,43,--,03,1,55,00,00,000,K,DE918,2009-01-01T00:00:00.000Z,3306843477.93408,368932.786541472
24,03157,03157,031570006006,Peine,Landkreis,43,--,03,1,57,00,00,000,K,DE91A,2009-01-01T00:00:00.000Z,1432040113.55664,245055.384225617
25,03158,03158,031580037037,Wolfenbüttel,Landkreis,43,--,03,1,58,00,00,000,K,DE91B,2009-01-01T00:00:00.000Z,1918375640.78027,350009.900017301
26,03159,03159,031590016016,Göttingen,Landkreis,43,--,03,1,59,00,00,000,K,DE91C,2016-11-01T00:00:00.000Z,4534517372.04932,618088.59368329
27,03241,03241,032410001001,Region Hannover,Landkreis,45,Sonderverband,03,2,41,00,00,000,K,DE929,2009-01-01T00:00:00.000Z,6166981695.5249,619967.571114503
28,03251,03251,032510012012,Diepholz,Landkreis,43,--,03,2,51,00,00,000,K,DE922,2009-01-01T00:00:00.000Z,5418576247.25928,508851.496074456
29,03252,03252,032520006006,Hameln-Pyrmont,Landkreis,43,--,03,2,52,00,00,000,K,DE923,2009-01-01T00:00:00.000Z,2110491046.89111,339858.972887543
30,03254,03254,032540021021,Hildesheim,Landkreis,43,--,03,2,54,00,00,000,K,DE925,2009-01-01T00:00:00.000Z,3193776125.07275,407877.173368239
31,03255,03255,032550023023,Holzminden,Landkreis,43,--,03,2,55,00,00,000,K,DE926,2009-01-01T00:00:00.000Z,1819678738.58447,305583.470310294
32,03256,03256,032560022022,Nienburg (Weser),Landkreis,43,--,03,2,56,00,00,000,K,DE927,2009-01-01T00:00:00.000Z,3793224470.13965,522792.968507815
33,03257,03257,032570035035,Schaumburg,Landkreis,43,--,03,2,57,00,00,000,K,DE928,2009-01-01T00:00:00.000Z,1804878749.30176,335991.834006941
34,03351,03351,033510006006,Celle,Landkreis,43,--,03,3,51,00,00,000,K,DE931,2009-01-01T00:00:00.000Z,4216336289.12793,404693.833536379
35,03352,03352,033520011011,Cuxhaven,Landkreis,43,--,03,3,52,00,00,000,K,DE932,2010-01-01T00:00:00.000Z,5841487217.65918,520099.720636993
36,03353,03353,033530040040,Harburg,Landkreis,43,--,03,3,53,00,00,000,K,DE933,2009-01-01T00:00:00.000Z,3493372215.18164,430319.60879259
37,03354,03354,033545407018,Lüchow-Dannenberg,Landkreis,43,--,03,3,54,00,00,000,K,DE934,2009-01-01T00:00:00.000Z,3383198948.46289,378936.074624046
38,03355,03355,033550022022,Lüneburg,Landkreis,43,--,03,3,55,00,00,000,K,DE935,2014-11-01T00:00:00.000Z,3697283268.06445,532228.985355877
39,03356,03356,033560007007,Osterholz,Landkreis,43,--,03,3,56,00,00,000,K,DE936,2009-01-01T00:00:00.000Z,1821292810.72559,300740.219301988
40,03357,03357,033570039039,Rotenburg (Wümme),Landkreis,43,--,03,3,57,00,00,000,K,DE937,2009-01-01T00:00:00.000Z,5782151600.54883,591150.405730218
41,03358,03358,033580008008,Heidekreis,Landkreis,43,--,03,3,58,00,00,000,K,DE938,2011-08-01T00:00:00.000Z,5169968519.80322,606025.337734692
42,03359,03359,033590038038,Stade,Landkreis,43,--,03,3,59,00,00,000,K,DE939,2009-01-01T00:00:00.000Z,3417142419.521,506654.458060694
43,03360,03360,033600025025,Uelzen,Landkreis,43,--,03,3,60,00,00,000,K,DE93A,2009-01-01T00:00:00.000Z,4027238698.4458,366796.095481859
44,03361,03361,033610012012,Verden,Landkreis,43,--,03,3,61,00,00,000,K,DE93B,2009-01-01T00:00:00.000Z,2172047077.45117,373256.220829531
45,03401,03401,034010000000,Delmenhorst,Kreisfreie Stadt,40,--,03,4,01,00,00,000,K,DE941,1974-03-01T00:00:00.000Z,172562476.283203,76845.8420611023
46,03402,03402,034020000000,Emden,Kreisfreie Stadt,40,--,03,4,02,00,00,000,K,DE942,2004-12-31T00:00:00.000Z,311633300.969727,114087.829345578
47,03403,03403,034030000000,Oldenburg (Oldb),Kreisfreie Stadt,40,--,03,4,03,00,00,000,K,DE943,2001-11-13T00:00:00.000Z,287759800.868652,86788.5985943052
48,03404,03404,034040000000,Osnabrück,Kreisfreie Stadt,40,--,03,4,04,00,00,000,K,DE944,1972-07-01T00:00:00.000Z,320553118.703125,121781.055580521
49,03405,03405,034050000000,Wilhelmshaven,Kreisfreie Stadt,40,--,03,4,05,00,00,000,K,DE945,2005-04-23T00:00:00.000Z,304272458.829102,96594.1075477419
50,03451,03451,034510007007,Ammerland,Landkreis,43,--,03,4,51,00,00,000,K,DE946,2009-01-01T00:00:00.000Z,2031741412.68848,256832.529594769
51,03452,03452,034520001001,Aurich,Landkreis,43,--,03,4,52,00,00,000,K,DE947,2009-01-01T00:00:00.000Z,3651045074.51025,614911.849454039
52,03453,03453,034530004004,Cloppenburg,Landkreis,43,--,03,4,53,00,00,000,K,DE948,2009-01-01T00:00:00.000Z,3900562885.57715,377757.750774452
53,03454,03454,034540035035,Emsland,Landkreis,43,--,03,4,54,00,00,000,K,DE949,2009-01-01T00:00:00.000Z,7853277911.87988,495445.428184666
54,03455,03455,034550007007,Friesland,Landkreis,43,--,03,4,55,00,00,000,K,DE94A,2009-01-01T00:00:00.000Z,1743684236.96094,351395.551691919
55,03456,03456,034560015015,Grafschaft Bentheim,Landkreis,43,--,03,4,56,00,00,000,K,DE94B,2009-01-01T00:00:00.000Z,2642495779.98291,318102.725156145
56,03457,03457,034570013013,Leer,Landkreis,43,--,03,4,57,00,00,000,K,DE94C,2009-01-01T00:00:00.000Z,2975741105.43359,384802.424347674
57,03458,03458,034580014014,Oldenburg,Landkreis,43,--,03,4,58,00,00,000,K,DE94D,2009-01-01T00:00:00.000Z,2933918155.89795,328828.956272791
58,03459,03459,034040000000,Osnabrück,Landkreis,43,--,03,4,59,00,00,000,K,DE94E,1998-04-01T00:00:00.000Z,5683158476.88818,617679.343977144
59,03460,03460,034600009009,Vechta,Landkreis,43,--,03,4,60,00,00,000,K,DE94F,2009-01-01T00:00:00.000Z,2208376342.92773,288856.015899101
60,03461,03461,034610002002,Wesermarsch,Landkreis,43,--,03,4,61,00,00,000,K,DE94G,2009-01-01T00:00:00.000Z,2321456981.98145,339378.013296873
61,03462,03462,034620019019,Wittmund,Landkreis,43,--,03,4,62,00,00,000,K,DE94H,2009-01-01T00:00:00.000Z,1869342302.64453,401613.788037537
62,04011,04011,040110000000,Bremen,Kreisfreie Stadt,40,--,04,0,11,00,00,000,R,DE501,2002-01-01T00:00:00.000Z,902567974.736816,254060.307657837
63,04012,04012,040120000000,Bremerhaven,Kreisfreie Stadt,40,--,04,0,12,00,00,000,R,DE502,2010-01-01T00:00:00.000Z,216708270.770508,112581.406110556
64,05111,05111,051110000000,Düsseldorf,Kreisfreie Stadt,40,--,05,1,11,00,00,000,R,DEA11,1980-01-01T00:00:00.000Z,553780462.959473,179084.680108386
65,05112,05112,051120000000,Duisburg,Kreisfreie Stadt,40,--,05,1,12,00,00,000,R,DEA12,1975-01-01T00:00:00.000Z,598932469.894043,153087.213633234
66,05113,05113,051130000000,Essen,Kreisfreie Stadt,40,--,05,1,13,00,00,000,R,DEA13,2006-10-01T00:00:00.000Z,540792587.233887,130248.873422797
67,05114,05114,051140000000,Krefeld,Kreisfreie Stadt,40,--,05,1,14,00,00,000,R,DEA14,2001-02-01T00:00:00.000Z,349774935.029297,101533.533097174
68,05116,05116,051160000000,Mönchengladbach,Kreisfreie Stadt,40,--,05,1,16,00,00,000,R,DEA15,1995-07-01T00:00:00.000Z,433581625.70166,134199.901586179
69,05117,05117,051170000000,Mülheim an der Ruhr,Kreisfreie Stadt,40,--,05,1,17,00,00,000,R,DEA16,1975-01-01T00:00:00.000Z,234247443.413574,76341.4914119416
70,05119,05119,051190000000,Oberhausen,Kreisfreie Stadt,40,--,05,1,19,00,00,000,R,DEA17,2006-10-01T00:00:00.000Z,199753346.801758,75733.0328628287
71,05120,05120,051200000000,Remscheid,Kreisfreie Stadt,40,--,05,1,20,00,00,000,R,DEA18,1975-01-01T00:00:00.000Z,188293217.79248,74196.4381323084
72,05122,05122,051220000000,Solingen,Kreisfreie Stadt,40,--,05,1,22,00,00,000,R,DEA19,1975-01-01T00:00:00.000Z,225979479.880859,96678.2766734301
73,05124,05124,051240000000,Wuppertal,Kreisfreie Stadt,40,--,05,1,24,00,00,000,R,DEA1A,1975-01-01T00:00:00.000Z,429164268.280762,138959.074328983
74,05154,05154,051540036036,Kleve,Kreis,42,--,05,1,54,00,00,000,R,DEA1B,2009-01-01T00:00:00.000Z,3199308797.53857,440718.866759869
75,05158,05158,051580024024,Mettmann,Kreis,42,--,05,1,58,00,00,000,R,DEA1C,2009-01-01T00:00:00.000Z,1040079584.69189,284719.064207132
76,05162,05162,051620024024,Rhein-Kreis Neuss,Kreis,42,--,05,1,62,00,00,000,R,DEA1D,2009-01-01T00:00:00.000Z,1463159968.22363,272649.664540466
77,05166,05166,051660032032,Viersen,Kreis,42,--,05,1,66,00,00,000,R,DEA1E,2009-01-01T00:00:00.000Z,1438501783.0459,237510.789998231
78,05170,05170,051700048048,Wesel,Kreis,42,--,05,1,70,00,00,000,R,DEA1F,2009-01-01T00:00:00.000Z,2700800365.47461,380728.044669133
79,05314,05314,053140000000,Bonn,Kreisfreie Stadt,40,--,05,3,14,00,00,000,R,DEA22,1969-08-01T00:00:00.000Z,352670672.960449,103130.42029952
80,05315,05315,053150000000,Köln,Kreisfreie Stadt,40,--,05,3,15,00,00,000,R,DEA23,1976-06-01T00:00:00.000Z,1023023827.53564,194330.592309272
81,05316,05316,053160000000,Leverkusen,Kreisfreie Stadt,40,--,05,3,16,00,00,000,R,DEA24,1975-01-01T00:00:00.000Z,199109627.962402,83031.1391314607
82,05334,05334,053340002002,Städteregion Aachen,Kreis,46,Sonderverband,05,3,34,00,00,000,R,DEA2D,2009-10-21T00:00:00.000Z,1755953577.47778,427963.049606667
83,05358,05358,053580008008,Düren,Kreis,42,--,05,3,58,00,00,000,R,DEA26,2009-01-01T00:00:00.000Z,2352854713.31543,379409.422796845
84,05362,05362,053620008008,Rhein-Erft-Kreis,Kreis,42,--,05,3,62,00,00,000,R,DEA27,2009-01-01T00:00:00.000Z,1765961939.44824,307322.81572507
85,05366,05366,053660016016,Euskirchen,Kreis,42,--,05,3,66,00,00,000,R,DEA28,2009-01-01T00:00:00.000Z,3090633773.12842,454937.055024144
86,05370,05370,053700016016,Heinsberg,Kreis,42,--,05,3,70,00,00,000,R,DEA29,2009-01-01T00:00:00.000Z,1584834460.30444,264157.028399642
87,05374,05374,053740012012,Oberbergischer Kreis,Kreis,42,--,05,3,74,00,00,000,R,DEA2A,2009-01-01T00:00:00.000Z,2316589919.63184,352762.858425548
88,05378,05378,053780004004,Rheinisch-Bergischer Kreis,Kreis,42,--,05,3,78,00,00,000,R,DEA2B,2009-01-01T00:00:00.000Z,1105869102.05225,261207.484160753
89,05382,05382,053820060060,Rhein-Sieg-Kreis,Kreis,42,--,05,3,82,00,00,000,R,DEA2C,2009-01-01T00:00:00.000Z,2875978334.93262,497618.772964514
90,05512,05512,055120000000,Bottrop,Kreisfreie Stadt,40,--,05,5,12,00,00,000,R,DEA31,1976-07-01T00:00:00.000Z,259101719.827637,92717.3308642308
91,05513,05513,055130000000,Gelsenkirchen,Kreisfreie Stadt,40,--,05,5,13,00,00,000,R,DEA32,2002-11-01T00:00:00.000Z,271967694.597168,91950.6980821452
92,05515,05515,055150000000,Münster,Kreisfreie Stadt,40,--,05,5,15,00,00,000,R,DEA33,1975-01-01T00:00:00.000Z,797962000.689941,168954.228627098
93,05554,05554,055540012012,Borken,Kreis,42,--,05,5,54,00,00,000,R,DEA34,2009-01-01T00:00:00.000Z,3737311706.77588,439325.661326357
94,05558,05558,055580012012,Coesfeld,Kreis,42,--,05,5,58,00,00,000,R,DEA35,2009-01-01T00:00:00.000Z,2912660806.62744,353683.971428622
95,05562,05562,055620032032,Recklinghausen,Kreis,42,--,05,5,62,00,00,000,R,DEA36,2009-01-01T00:00:00.000Z,1976666129.05469,314775.399265506
96,05566,05566,055660084084,Steinfurt,Kreis,42,--,05,5,66,00,00,000,R,DEA37,2009-01-01T00:00:00.000Z,4774094378.34863,413151.274306849
97,05570,05570,055700052052,Warendorf,Kreis,42,--,05,5,70,00,00,000,R,DEA38,2009-01-01T00:00:00.000Z,3453471987.48877,387510.99328358
98,05711,05711,057110000000,Bielefeld,Kreisfreie Stadt,40,--,05,7,11,00,00,000,R,DEA41,1973-01-01T00:00:00.000Z,682788767.504883,159051.588878453
99,05754,05754,057540008008,Gütersloh,Kreis,42,--,05,7,54,00,00,000,R,DEA42,2009-01-01T00:00:00.000Z,2545982056.38184,342020.992677363
100,05758,05758,057580012012,Herford,Kreis,42,--,05,7,58,00,00,000,R,DEA43,2009-01-01T00:00:00.000Z,1196307766.38867,247331.095523663
101,05762,05762,057620020020,Höxter,Kreis,42,--,05,7,62,00,00,000,R,DEA44,2009-01-01T00:00:00.000Z,3119100934.90039,348481.32223764
102,05766,05766,057660020020,Lippe,Kreis,42,--,05,7,66,00,00,000,R,DEA45,2009-01-01T00:00:00.000Z,3278783678.29541,381516.977016424
103,05770,05770,057700024024,Minden-Lübbecke,Kreis,42,--,05,7,70,00,00,000,R,DEA46,2009-01-01T00:00:00.000Z,3082753153.35156,426963.285141974
104,05774,05774,057740032032,Paderborn,Kreis,42,--,05,7,74,00,00,000,R,DEA47,2009-01-01T00:00:00.000Z,3235797284.87061,329451.330127061
105,05911,05911,059110000000,Bochum,Kreisfreie Stadt,40,--,05,9,11,00,00,000,R,DEA51,1975-01-01T00:00:00.000Z,372648257.995605,102641.546513368
106,05913,05913,059130000000,Dortmund,Kreisfreie Stadt,40,--,05,9,13,00,00,000,R,DEA52,1975-01-01T00:00:00.000Z,721188327.326172,157707.276873118
107,05914,05914,059140000000,Hagen,Kreisfreie Stadt,40,--,05,9,14,00,00,000,R,DEA53,1999-02-01T00:00:00.000Z,410472024.846191,135862.322904069
108,05915,05915,059150000000,Hamm,Kreisfreie Stadt,40,--,05,9,15,00,00,000,R,DEA54,2003-03-01T00:00:00.000Z,590783817.912598,151081.523866965
109,05916,05916,059160000000,Herne,Kreisfreie Stadt,40,--,05,9,16,00,00,000,R,DEA55,2002-11-01T00:00:00.000Z,132916224.389648,63290.2868507946
110,05954,05954,059540024024,Ennepe-Ruhr-Kreis,Kreis,42,--,05,9,54,00,00,000,R,DEA56,2009-01-01T00:00:00.000Z,1051798674.0459,268382.922800592
111,05958,05958,059580032032,Hochsauerlandkreis,Kreis,42,--,05,9,58,00,00,000,R,DEA57,2009-11-01T00:00:00.000Z,5007546081.61279,553954.735714485
112,05962,05962,059620032032,Märkischer Kreis,Kreis,42,--,05,9,62,00,00,000,R,DEA58,2009-01-01T00:00:00.000Z,2706163167.83545,324645.909939036
113,05966,05966,059660024024,Olpe,Kreis,42,--,05,9,66,00,00,000,R,DEA59,2009-01-01T00:00:00.000Z,1801078096.90625,302875.513290912
114,05970,05970,059700040040,Siegen-Wittgenstein,Kreis,42,--,05,9,70,00,00,000,R,DEA5A,2009-01-01T00:00:00.000Z,2851865074.06934,350772.788142361
115,05974,05974,059740040040,Soest,Kreis,42,--,05,9,74,00,00,000,R,DEA5B,2009-01-01T00:00:00.000Z,3435308204.1543,353340.775237811
116,05978,05978,059780036036,Unna,Kreis,42,--,05,9,78,00,00,000,R,DEA5C,2009-01-01T00:00:00.000Z,1403385003.15039,320633.87487465
117,06411,06411,064110000000,Darmstadt,Kreisfreie Stadt,40,--,06,4,11,00,00,000,R,DE711,1977-01-01T00:00:00.000Z,296248802.822266,97331.9871809003
118,06412,06412,064120000000,Frankfurt am Main,Kreisfreie Stadt,40,--,06,4,12,00,00,000,R,DE712,1977-01-01T00:00:00.000Z,603009461.023926,167142.88023744
119,06413,06413,064130000000,Offenbach am Main,Kreisfreie Stadt,40,--,06,4,13,00,00,000,R,DE713,1977-01-01T00:00:00.000Z,110048289.275879,63139.8128651139
120,06414,06414,064140000000,Wiesbaden,Kreisfreie Stadt,40,--,06,4,14,00,00,000,R,DE714,1977-01-01T00:00:00.000Z,494107252.967285,118713.265655168
121,06431,06431,064310011011,Bergstraße,Landkreis,43,--,06,4,31,00,00,000,R,DE715,2009-01-01T00:00:00.000Z,1711125530.93652,355546.02224156
122,06432,06432,064110000000,Darmstadt-Dieburg,Landkreis,43,--,06,4,32,00,00,000,R,DE716,1977-01-01T00:00:00.000Z,1580801238.39795,332100.526653256
123,06433,06433,064330006006,Groß-Gerau,Landkreis,43,--,06,4,33,00,00,000,R,DE717,2009-01-01T00:00:00.000Z,1091755048.15479,216922.527280418
124,06434,06434,064340001001,Hochtaunuskreis,Landkreis,43,--,06,4,34,00,00,000,R,DE718,2009-01-01T00:00:00.000Z,1176110073.229,233373.025722828
125,06435,06435,064350010010,Main-Kinzig-Kreis,Landkreis,43,--,06,4,35,00,00,000,R,DE719,2011-07-01T00:00:00.000Z,3411349174.07178,469504.563637992
126,06436,06436,064360007007,Main-Taunus-Kreis,Landkreis,43,--,06,4,36,00,00,000,R,DE71A,2009-01-01T00:00:00.000Z,538070127.788574,182838.325133062
127,06437,06437,064370006006,Odenwaldkreis,Landkreis,43,--,06,4,37,00,00,000,R,DE71B,2009-01-01T00:00:00.000Z,1490340115.97021,269895.275764459
128,06438,06438,064380001001,Offenbach,Landkreis,43,--,06,4,38,00,00,000,R,DE71C,2009-01-01T00:00:00.000Z,861604957.338379,182183.265658619
129,06439,06439,064390002002,Rheingau-Taunus-Kreis,Landkreis,43,--,06,4,39,00,00,000,R,DE71D,2009-01-01T00:00:00.000Z,1974553321.9751,316028.901761068
130,06440,06440,064400008008,Wetteraukreis,Landkreis,43,--,06,4,40,00,00,000,R,DE71E,2009-01-01T00:00:00.000Z,2700929945.5625,411421.971766901
131,06531,06531,065310005005,Gießen,Landkreis,43,--,06,5,31,00,00,000,R,DE721,2009-01-01T00:00:00.000Z,2117767065.75391,341286.097500434
132,06532,06532,065320023023,Lahn-Dill-Kreis,Landkreis,43,--,06,5,32,00,00,000,R,DE722,2009-01-01T00:00:00.000Z,2646340077.7417,344311.30909753
133,06533,06533,065330009009,Limburg-Weilburg,Landkreis,43,--,06,5,33,00,00,000,R,DE723,2009-01-01T00:00:00.000Z,1818628448.61523,269819.41775692
134,06534,06534,065340014014,Marburg-Biedenkopf,Landkreis,43,--,06,5,34,00,00,000,R,DE724,2009-01-01T00:00:00.000Z,3160127762.70752,346789.138441108
135,06535,06535,065350011011,Vogelsbergkreis,Landkreis,43,--,06,5,35,00,00,000,R,DE725,2009-01-01T00:00:00.000Z,3620727556.79883,442898.732170705
136,06611,06611,066110000000,Kassel,Kreisfreie Stadt,40,--,06,6,11,00,00,000,R,DE731,2004-12-31T00:00:00.000Z,266969586.210449,99279.8073912047
137,06631,06631,066310009009,Fulda,Landkreis,43,--,06,6,31,00,00,000,R,DE732,2009-01-01T00:00:00.000Z,3419498010.81006,392460.986457548
138,06632,06632,066320002002,Hersfeld-Rotenburg,Landkreis,43,--,06,6,32,00,00,000,R,DE733,2009-01-01T00:00:00.000Z,2757187950.45264,378573.898602365
139,06633,06633,066110000000,Kassel,Landkreis,43,--,06,6,33,00,00,000,R,DE734,2015-01-01T00:00:00.000Z,3323440897.77783,591822.663579924
140,06634,06634,066340009009,Schwalm-Eder-Kreis,Landkreis,43,--,06,6,34,00,00,000,R,DE735,2009-01-01T00:00:00.000Z,3885987760.12646,419810.233921283
141,06635,06635,066350015015,Waldeck-Frankenberg,Landkreis,43,--,06,6,35,00,00,000,R,DE736,2009-11-01T00:00:00.000Z,4697783513.94629,502940.677215657
142,06636,06636,066360003003,Werra-Meißner-Kreis,Landkreis,43,--,06,6,36,00,00,000,R,DE737,2009-01-01T00:00:00.000Z,2604346528.5835,441609.249137054
143,07111,07111,071110000000,Koblenz,Kreisfreie Stadt,40,--,07,1,11,00,00,000,K,DEB11,1970-11-07T00:00:00.000Z,259916244.114258,94049.382612236
144,07131,07131,071310007007,Ahrweiler,Landkreis,43,--,07,1,31,00,00,000,K,DEB12,2009-01-01T00:00:00.000Z,1940049750.4834,311148.88779395
145,07132,07132,071325001501,Altenkirchen (Westerwald),Landkreis,43,--,07,1,32,00,00,000,K,DEB13,2009-01-01T00:00:00.000Z,1599579267.90283,357804.816189028
146,07133,07133,071330006006,Bad Kreuznach,Landkreis,43,--,07,1,33,00,00,000,K,DEB14,2009-01-01T00:00:00.000Z,2073817247.53711,294645.608835728
147,07134,07134,071345002010,Birkenfeld,Landkreis,43,--,07,1,34,00,00,000,K,DEB15,2009-01-01T00:00:00.000Z,1856627024.49951,269024.655771777
148,07135,07135,071355001020,Cochem-Zell,Landkreis,43,--,07,1,35,00,00,000,K,DEB1C,2014-07-01T00:00:00.000Z,1684817255.93848,288841.140003095
149,07137,07137,071110000000,Mayen-Koblenz,Landkreis,43,--,07,1,37,00,00,000,K,DEB17,1974-03-16T00:00:00.000Z,2001589815.11572,438889.155782619
150,07138,07138,071380045045,Neuwied,Landkreis,43,--,07,1,38,00,00,000,K,DEB18,2009-01-01T00:00:00.000Z,1553216343.20654,282814.010017445
151,07140,07140,071405007144,Rhein-Hunsrück-Kreis,Landkreis,43,--,07,1,40,00,00,000,K,DEB1D,2014-07-01T00:00:00.000Z,2400742467.04053,346157.572017834
152,07141,07141,071415001006,Rhein-Lahn-Kreis,Landkreis,43,--,07,1,41,00,00,000,K,DEB1A,2009-01-01T00:00:00.000Z,1909997407.19629,332458.12904093
153,07143,07143,071435004048,Westerwaldkreis,Landkreis,43,--,07,1,43,00,00,000,K,DEB1B,2009-01-01T00:00:00.000Z,2449719801.51563,406610.125056696
154,07211,07211,072110000000,Trier,Kreisfreie Stadt,40,--,07,2,11,00,00,000,K,DEB21,2017-07-01T00:00:00.000Z,276728488.679199,133789.901113035
155,07231,07231,072310134134,Bernkastel-Wittlich,Landkreis,43,--,07,2,31,00,00,000,K,DEB22,2012-01-01T00:00:00.000Z,2816474338.896,329041.945145555
156,07232,07232,072320018018,Eifelkreis Bitburg-Prüm,Landkreis,43,--,07,2,32,00,00,000,K,DEB23,2009-01-01T00:00:00.000Z,3945817030.93188,404215.222883219
157,07233,07233,072335001501,Vulkaneifel,Landkreis,43,--,07,2,33,00,00,000,K,DEB24,2009-01-01T00:00:00.000Z,2225634090.66895,402085.30886892
158,07235,07235,072110000000,Trier-Saarburg,Landkreis,43,--,07,2,35,00,00,000,K,DEB25,2017-07-01T00:00:00.000Z,2639072565.40283,502689.233740191
159,07311,07311,073110000000,Frankenthal (Pfalz),Kreisfreie Stadt,40,--,07,3,11,00,00,000,K,DEB31,1969-06-07T00:00:00.000Z,103696222.171875,63267.3957464251
160,07312,07312,073120000000,Kaiserslautern,Kreisfreie Stadt,40,--,07,3,12,00,00,000,K,DEB32,1969-06-07T00:00:00.000Z,331228707.459473,115186.173513899
161,07313,07313,073130000000,Landau in der Pfalz,Kreisfreie Stadt,40,--,07,3,13,00,00,000,K,DEB33,1972-04-22T00:00:00.000Z,194357016.077148,134788.013915949
162,07314,07314,073140000000,Ludwigshafen am Rhein,Kreisfreie Stadt,40,--,07,3,14,00,00,000,K,DEB34,1974-03-16T00:00:00.000Z,184292203.005371,79906.4913258531
163,07315,07315,073150000000,Mainz,Kreisfreie Stadt,40,--,07,3,15,00,00,000,K,DEB35,1969-06-07T00:00:00.000Z,235932114.351074,96700.9420514103
164,07316,07316,073160000000,Neustadt an der Weinstraße,Kreisfreie Stadt,40,--,07,3,16,00,00,000,K,DEB36,1974-03-16T00:00:00.000Z,276111884.239258,113902.320717862
165,07317,07317,073170000000,Pirmasens,Kreisfreie Stadt,40,--,07,3,17,00,00,000,K,DEB37,1972-04-22T00:00:00.000Z,143988860.431641,74797.1413959888
166,07318,07318,073180000000,Speyer,Kreisfreie Stadt,40,--,07,3,18,00,00,000,K,DEB38,1968-10-01T00:00:00.000Z,100746531.152832,61795.2229656217
167,07319,07319,073190000000,Worms,Kreisfreie Stadt,40,--,07,3,19,00,00,000,K,DEB39,1969-06-07T00:00:00.000Z,259180798.052734,113974.609090843
168,07320,07320,073200000000,Zweibrücken,Kreisfreie Stadt,40,--,07,3,20,00,00,000,K,DEB3A,1972-04-22T00:00:00.000Z,166028025.11377,90623.260246583
169,07331,07331,073310003003,Alzey-Worms,Landkreis,43,--,07,3,31,00,00,000,K,DEB3B,2009-01-01T00:00:00.000Z,1407462206.29346,292949.452146932
170,07332,07332,073320002002,Bad Dürkheim,Landkreis,43,--,07,3,32,00,00,000,K,DEB3C,2009-01-01T00:00:00.000Z,1404069746.74414,301150.331460088
171,07333,07333,073335004039,Donnersbergkreis,Landkreis,43,--,07,3,33,00,00,000,K,DEB3D,2009-01-01T00:00:00.000Z,1535006994.29785,245073.432350999
172,07334,07334,073340007007,Germersheim,Landkreis,43,--,07,3,34,00,00,000,K,DEB3E,2009-01-01T00:00:00.000Z,1080639575.63232,212449.493161767
173,07335,07335,073120000000,Kaiserslautern,Landkreis,43,--,07,3,35,00,00,000,K,DEB3F,1972-04-22T00:00:00.000Z,1514211886.44434,407700.261325229
174,07336,07336,073365010055,Kusel,Landkreis,43,--,07,3,36,00,00,000,K,DEB3G,2009-01-01T00:00:00.000Z,1360124472.77148,281101.653275127
175,07337,07337,073130000000,Südliche Weinstraße,Landkreis,43,--,07,3,37,00,00,000,K,DEB3H,1978-01-01T00:00:00.000Z,1495955445.40918,415552.508330402
176,07338,07338,073140000000,Rhein-Pfalz-Kreis,Landkreis,43,--,07,3,38,00,00,000,K,DEB3I,2004-01-01T00:00:00.000Z,718940755.104004,280541.634279465
177,07339,07339,073390030030,Mainz-Bingen,Landkreis,43,--,07,3,39,00,00,000,K,DEB3J,2009-01-01T00:00:00.000Z,1459513642.66064,355042.725219703
178,07340,07340,073170000000,Südwestpfalz,Landkreis,43,--,07,3,40,00,00,000,K,DEB3K,1997-01-01T00:00:00.000Z,2233496876.21826,439868.085503547
179,08111,08111,081110000000,Stuttgart,Stadtkreis,41,--,08,1,11,00,00,000,R,DE111,1973-01-01T00:00:00.000Z,482610630.89502,144640.31515561
180,08115,08115,081150003003,Böblingen,Landkreis,43,--,08,1,15,00,00,000,R,DE112,2014-04-01T00:00:00.000Z,1414516279.39209,292958.394243627
181,08116,08116,081160019019,Esslingen,Landkreis,43,--,08,1,16,00,00,000,R,DE113,2014-04-01T00:00:00.000Z,1464617235.96045,288295.208774326
182,08117,08117,081175005026,Göppingen,Landkreis,43,--,08,1,17,00,00,000,R,DE114,2009-01-01T00:00:00.000Z,1471840984.61768,294104.767484653
183,08118,08118,081180048048,Ludwigsburg,Landkreis,43,--,08,1,18,00,00,000,R,DE115,2009-01-01T00:00:00.000Z,1590460432.85596,322032.352785285
184,08119,08119,081190079079,Rems-Murr-Kreis,Landkreis,43,--,08,1,19,00,00,000,R,DE116,2009-01-01T00:00:00.000Z,1981893000.87109,323796.142896005
185,08121,08121,081210000000,Heilbronn,Stadtkreis,41,--,08,1,21,00,00,000,R,DE117,1974-04-01T00:00:00.000Z,235089918.859863,102052.061002032
186,08125,08125,081210000000,Heilbronn,Landkreis,43,--,08,1,25,00,00,000,R,DE118,1974-04-01T00:00:00.000Z,2568815625.73096,546927.609092233
187,08126,08126,081265003046,Hohenlohekreis,Landkreis,43,--,08,1,26,00,00,000,R,DE119,2009-01-01T00:00:00.000Z,1823653870.47754,353758.160301318
188,08127,08127,081275009076,Schwäbisch Hall,Landkreis,43,--,08,1,27,00,00,000,R,DE11A,2009-01-01T00:00:00.000Z,3464748028.43164,519637.956347001
189,08128,08128,081285004115,Main-Tauber-Kreis,Landkreis,43,--,08,1,28,00,00,000,R,DE11B,2009-01-01T00:00:00.000Z,3098384786.5708,552472.634295152
190,08135,08135,081355002019,Heidenheim,Landkreis,43,--,08,1,35,00,00,000,R,DE11C,2009-01-01T00:00:00.000Z,1436951157.73926,355965.453997041
191,08136,08136,081365001088,Ostalbkreis,Landkreis,43,--,08,1,36,00,00,000,R,DE11D,2009-01-01T00:00:00.000Z,3489029028.75635,528232.02792105
192,08211,08211,082110000000,Baden-Baden,Stadtkreis,41,--,08,2,11,00,00,000,R,DE121,1975-01-01T00:00:00.000Z,321725429.501465,148727.669640471
193,08212,08212,082120000000,Karlsruhe,Stadtkreis,41,--,08,2,12,00,00,000,R,DE122,1975-02-14T00:00:00.000Z,404101713.313477,123880.116836939
194,08215,08215,082120000000,Karlsruhe,Landkreis,43,--,08,2,15,00,00,000,R,DE123,1975-02-14T00:00:00.000Z,2525474342.5752,435079.772219145
195,08216,08216,082165005043,Rastatt,Landkreis,43,--,08,2,16,00,00,000,R,DE124,2009-01-01T00:00:00.000Z,1698320153.94043,452543.454144559
196,08221,08221,082210000000,Heidelberg,Stadtkreis,41,--,08,2,21,00,00,000,R,DE125,2008-06-03T00:00:00.000Z,257856189.055664,103860.763183061
197,08222,08222,082220000000,Mannheim,Stadtkreis,41,--,08,2,22,00,00,000,R,DE126,1973-01-01T00:00:00.000Z,343681688.878418,101976.240499842
198,08225,08225,082255005058,Neckar-Odenwald-Kreis,Landkreis,43,--,08,2,25,00,00,000,R,DE127,2009-01-01T00:00:00.000Z,2661950423.40137,376885.942327307
199,08226,08226,082210000000,Rhein-Neckar-Kreis,Landkreis,43,--,08,2,26,00,00,000,R,DE128,2008-06-03T00:00:00.000Z,2498930612.62695,577860.344341467
200,08231,08231,082310000000,Pforzheim,Stadtkreis,41,--,08,2,31,00,00,000,R,DE129,1975-09-20T00:00:00.000Z,226821740.138184,88018.1304590625
201,08235,08235,082355006085,Calw,Landkreis,43,--,08,2,35,00,00,000,R,DE12A,2009-01-01T00:00:00.000Z,1827322008.16748,310131.506708426
202,08236,08236,082310000000,Enzkreis,Landkreis,43,--,08,2,36,00,00,000,R,DE12B,1975-09-20T00:00:00.000Z,1326274566.9751,348514.391543222
203,08237,08237,082375002028,Freudenstadt,Landkreis,43,--,08,2,37,00,00,000,R,DE12C,2009-01-01T00:00:00.000Z,1980385325.25293,329358.739398263
204,08311,08311,083110000000,Freiburg im Breisgau,Stadtkreis,41,--,08,3,11,00,00,000,R,DE131,1978-01-01T00:00:00.000Z,344063611.617676,135594.674618849
205,08315,08315,083110000000,Breisgau-Hochschwarzwald,Landkreis,43,--,08,3,15,00,00,000,R,DE132,1978-01-01T00:00:00.000Z,3064281717.29492,548324.022523299
206,08316,08316,083165003011,Emmendingen,Landkreis,43,--,08,3,16,00,00,000,R,DE133,2009-01-01T00:00:00.000Z,1527430149.35742,256199.199113325
207,08317,08317,083175010096,Ortenaukreis,Landkreis,43,--,08,3,17,00,00,000,R,DE134,2009-01-01T00:00:00.000Z,4219074271.77148,392390.316886498
208,08325,08325,083255003049,Rottweil,Landkreis,43,--,08,3,25,00,00,000,R,DE135,2009-01-01T00:00:00.000Z,1734683916.66064,323137.907828273
209,08326,08326,083265004074,Schwarzwald-Baar-Kreis,Landkreis,43,--,08,3,26,00,00,000,R,DE136,2009-01-01T00:00:00.000Z,2291626841.77637,341193.572325488
210,08327,08327,083275006050,Tuttlingen,Landkreis,43,--,08,3,27,00,00,000,R,DE137,2009-01-01T00:00:00.000Z,1638987517.88574,268855.19648202
211,08335,08335,083355004043,Konstanz,Landkreis,43,--,08,3,35,00,00,000,R,DE138,2009-01-01T00:00:00.000Z,1810128015.24365,449004.271885372
212,08336,08336,083365003050,Lörrach,Landkreis,43,--,08,3,36,00,00,000,R,DE139,2009-01-01T00:00:00.000Z,1781349408.47461,247961.892429573
213,08337,08337,083375007126,Waldshut,Landkreis,43,--,08,3,37,00,00,000,R,DE13A,2009-01-01T00:00:00.000Z,2495154695.54297,410000.011594107
214,08415,08415,084150061061,Reutlingen,Landkreis,43,--,08,4,15,00,00,000,R,DE141,2011-01-01T00:00:00.000Z,2476405532.78516,373260.256222268
215,08416,08416,084160041041,Tübingen,Landkreis,43,--,08,4,16,00,00,000,R,DE142,2009-01-01T00:00:00.000Z,1182499054.71045,253959.146918944
216,08417,08417,084175002002,Zollernalbkreis,Landkreis,43,--,08,4,17,00,00,000,R,DE143,2009-01-01T00:00:00.000Z,2068629393.9751,300180.290415639
217,08421,08421,084210000000,Ulm,Stadtkreis,41,--,08,4,21,00,00,000,R,DE144,1997-01-01T00:00:00.000Z,270453748.390137,136522.48992389
218,08425,08425,084210000000,Alb-Donau-Kreis,Landkreis,43,--,08,4,25,00,00,000,R,DE145,2011-01-01T00:00:00.000Z,3077085736.13916,602021.499419682
219,08426,08426,084265003021,Biberach,Landkreis,43,--,08,4,26,00,00,000,R,DE146,2009-01-01T00:00:00.000Z,3159855150.3501,438646.937236363
220,08435,08435,084355002016,Bodenseekreis,Landkreis,43,--,08,4,35,00,00,000,R,DE147,2009-01-01T00:00:00.000Z,1469869059.15039,289918.754635959
221,08436,08436,084365005064,Ravensburg,Landkreis,43,--,08,4,36,00,00,000,R,DE148,2009-01-01T00:00:00.000Z,3617995904.3374,481966.025168319
222,08437,08437,084375006104,Sigmaringen,Landkreis,43,--,08,4,37,00,00,000,R,DE149,2009-01-01T00:00:00.000Z,2692607259.46143,434475.743492196
223,09161,09161,091610000000,Ingolstadt,Kreisfreie Stadt,40,--,09,1,61,00,00,000,R,DE211,1972-07-01T00:00:00.000Z,307183347.692383,115865.932945077
224,09162,09162,091620000000,München,Kreisfreie Stadt,40,--,09,1,62,00,00,000,R,DE212,2004-12-31T00:00:00.000Z,699170066.918945,169919.924749389
225,09163,09163,091630000000,Rosenheim,Kreisfreie Stadt,40,--,09,1,63,00,00,000,R,DE213,2004-12-31T00:00:00.000Z,81569027.0732422,45867.4463962231
226,09171,09171,091710111111,Altötting,Landkreis,43,--,09,1,71,00,00,000,R,DE214,2009-01-01T00:00:00.000Z,1281160590.60938,239838.689309557
227,09172,09172,091720114114,Berchtesgadener Land,Landkreis,43,--,09,1,72,00,00,000,R,DE215,2009-01-01T00:00:00.000Z,1852878759.96338,330527.422246838
228,09173,09173,091730112112,Bad Tölz-Wolfratshausen,Landkreis,43,--,09,1,73,00,00,000,R,DE216,2009-01-01T00:00:00.000Z,2455436976.23047,349101.620333483
229,09174,09174,091740115115,Dachau,Landkreis,43,--,09,1,74,00,00,000,R,DE217,2009-01-01T00:00:00.000Z,1310365327.00977,247088.018761428
230,09175,09175,091750115115,Ebersberg,Landkreis,43,--,09,1,75,00,00,000,R,DE218,2009-01-01T00:00:00.000Z,1230813847.93408,234582.259994816
231,09176,09176,091760123123,Eichstätt,Landkreis,43,--,09,1,76,00,00,000,R,DE219,2017-03-13T00:00:00.000Z,2807461509.51709,467115.67840377
232,09177,09177,091770117117,Erding,Landkreis,43,--,09,1,77,00,00,000,R,DE21A,2009-01-01T00:00:00.000Z,1966377437.60303,276314.015082647
233,09178,09178,091780124124,Freising,Landkreis,43,--,09,1,78,00,00,000,R,DE21B,2009-01-01T00:00:00.000Z,1813220324.86426,298620.192745637
234,09179,09179,091790121121,Fürstenfeldbruck,Landkreis,43,--,09,1,79,00,00,000,R,DE21C,2009-01-01T00:00:00.000Z,977185673.934082,226032.421164685
235,09180,09180,091800117117,Garmisch-Partenkirchen,Landkreis,43,--,09,1,80,00,00,000,R,DE21D,2009-01-01T00:00:00.000Z,2220512781.34619,299539.52786831
236,09181,09181,091810130130,Landsberg am Lech,Landkreis,43,--,09,1,81,00,00,000,R,DE21E,2009-01-01T00:00:00.000Z,1795207431.04004,329149.244315685
237,09182,09182,091820125125,Miesbach,Landkreis,43,--,09,1,82,00,00,000,R,DE21F,2011-01-01T00:00:00.000Z,1915498655.0415,313081.731034905
238,09183,09183,091830128128,Mühldorf a. Inn,Landkreis,43,--,09,1,83,00,00,000,R,DE21G,2009-01-01T00:00:00.000Z,1813458822.79004,377104.86673201
239,09184,09184,091620000000,München,Landkreis,43,--,09,1,84,00,00,000,R,DE21H,2011-01-01T00:00:00.000Z,1486361983.0752,378572.464137242
240,09185,09185,091850149149,Neuburg-Schrobenhausen,Landkreis,43,--,09,1,85,00,00,000,R,DE21I,2009-01-01T00:00:00.000Z,1695078422.55029,334944.259607509
241,09186,09186,091860143143,Pfaffenhofen a.d. Ilm,Landkreis,43,--,09,1,86,00,00,000,R,DE21J,2017-03-13T00:00:00.000Z,1737772541.49609,346746.802457217
242,09187,09187,091630000000,Rosenheim,Landkreis,43,--,09,1,87,00,00,000,R,DE21K,2004-12-31T00:00:00.000Z,3200301007.70557,563609.285327271
243,09188,09188,091880139139,Starnberg,Landkreis,43,--,09,1,88,00,00,000,R,DE21L,2009-01-01T00:00:00.000Z,1086844652.97217,231265.501414859
244,09189,09189,091890155155,Traunstein,Landkreis,43,--,09,1,89,00,00,000,R,DE21M,2009-01-01T00:00:00.000Z,3407599876.3335,471117.33938588
245,09190,09190,091900157157,Weilheim-Schongau,Landkreis,43,--,09,1,90,00,00,000,R,DE21N,2009-01-01T00:00:00.000Z,2141758114.83789,405404.234630314
246,09261,09261,092610000000,Landshut,Kreisfreie Stadt,40,--,09,2,61,00,00,000,R,DE221,1974-07-01T00:00:00.000Z,150832695.19043,101561.77013512
247,09262,09262,092620000000,Passau,Kreisfreie Stadt,40,--,09,2,62,00,00,000,R,DE222,2016-01-01T00:00:00.000Z,160315431.902344,87886.5164216275
248,09263,09263,092630000000,Straubing,Kreisfreie Stadt,40,--,09,2,63,00,00,000,R,DE223,1972-07-01T00:00:00.000Z,156248958.152344,83984.6984001835
249,09271,09271,092710119119,Deggendorf,Landkreis,43,--,09,2,71,00,00,000,R,DE224,2013-04-01T00:00:00.000Z,1981529568.42188,324180.828335932
250,09272,09272,092720118118,Freyung-Grafenau,Landkreis,43,--,09,2,72,00,00,000,R,DE225,2013-04-01T00:00:00.000Z,2268230067.10742,310229.350976627
251,09273,09273,092730137137,Kelheim,Landkreis,43,--,09,2,73,00,00,000,R,DE226,2017-03-13T00:00:00.000Z,2454310968.02441,421294.849384917
252,09274,09274,092610000000,Landshut,Landkreis,43,--,09,2,74,00,00,000,R,DE227,2004-12-31T00:00:00.000Z,3073429060.10449,531181.070261174
253,09275,09275,092620000000,Passau,Landkreis,43,--,09,2,75,00,00,000,R,DE228,2016-01-01T00:00:00.000Z,3489985633.91211,526385.585689894
254,09276,09276,092760138138,Regen,Landkreis,43,--,09,2,76,00,00,000,R,DE229,2009-01-01T00:00:00.000Z,2264859026.12695,295740.076584749
255,09277,09277,092770138138,Rottal-Inn,Landkreis,43,--,09,2,77,00,00,000,R,DE22A,2009-01-01T00:00:00.000Z,2906719230.37012,438030.402645422
256,09278,09278,092630000000,Straubing-Bogen,Landkreis,43,--,09,2,78,00,00,000,R,DE22B,1978-05-01T00:00:00.000Z,2776703090.92725,506184.417170946
257,09279,09279,092790112112,Dingolfing-Landau,Landkreis,43,--,09,2,79,00,00,000,R,DE22C,2009-01-01T00:00:00.000Z,2007915647.54443,398108.742462034
258,09361,09361,093610000000,Amberg,Kreisfreie Stadt,40,--,09,3,61,00,00,000,R,DE231,1972-07-01T00:00:00.000Z,119216888.153809,69504.3736475068
259,09362,09362,093620000000,Regensburg,Kreisfreie Stadt,40,--,09,3,62,00,00,000,R,DE232,2016-06-01T00:00:00.000Z,185301371.604004,90802.6296280307
260,09363,09363,093630000000,Weiden i.d. OPf.,Kreisfreie Stadt,40,--,09,3,63,00,00,000,R,DE233,2011-06-01T00:00:00.000Z,168352306.154785,110511.679505693
261,09371,09371,093610000000,Amberg-Sulzbach,Landkreis,43,--,09,3,71,00,00,000,R,DE234,1973-05-01T00:00:00.000Z,2970871082.6084,579507.42109972
262,09372,09372,093720116116,Cham,Landkreis,43,--,09,3,72,00,00,000,R,DE235,2017-01-01T00:00:00.000Z,3578407926.51563,458013.376451144
263,09373,09373,093730147147,Neumarkt i.d. OPf.,Landkreis,43,--,09,3,73,00,00,000,R,DE236,2012-04-18T00:00:00.000Z,3148266971.94727,465031.274567896
264,09374,09374,093740139139,Neustadt a.d. Waldnaab,Landkreis,43,--,09,3,74,00,00,000,R,DE237,2017-07-01T00:00:00.000Z,3408395398.146,595409.987190835
265,09375,09375,093620000000,Regensburg,Landkreis,43,--,09,3,75,00,00,000,R,DE238,2016-06-01T00:00:00.000Z,3236182401.98682,627679.174617972
266,09376,09376,093760161161,Schwandorf,Landkreis,43,--,09,3,76,00,00,000,R,DE239,2017-01-01T00:00:00.000Z,3435524626.89893,532824.696855616
267,09377,09377,093770154154,Tirschenreuth,Landkreis,43,--,09,3,77,00,00,000,R,DE23A,2009-01-01T00:00:00.000Z,2610996236.0127,355626.924865286
268,09461,09461,094610000000,Bamberg,Kreisfreie Stadt,40,--,09,4,61,00,00,000,R,DE241,1972-07-01T00:00:00.000Z,132280349.350586,63557.5995057059
269,09462,09462,094620000000,Bayreuth,Kreisfreie Stadt,40,--,09,4,62,00,00,000,R,DE242,2005-01-01T00:00:00.000Z,161551846.234375,100380.308843933
270,09463,09463,094630000000,Coburg,Kreisfreie Stadt,40,--,09,4,63,00,00,000,R,DE243,1977-01-01T00:00:00.000Z,117680811.762207,74218.4421021997
271,09464,09464,094640000000,Hof,Kreisfreie Stadt,40,--,09,4,64,00,00,000,R,DE244,1978-05-01T00:00:00.000Z,142564522.569824,85325.5576113795
272,09471,09471,094610000000,Bamberg,Landkreis,43,--,09,4,71,00,00,000,R,DE245,1978-05-01T00:00:00.000Z,2808796205.50146,562772.878978354
273,09472,09472,094620000000,Bayreuth,Landkreis,43,--,09,4,72,00,00,000,R,DE246,2017-07-01T00:00:00.000Z,3064091613.20605,598398.66836781
274,09473,09473,094630000000,Coburg,Landkreis,43,--,09,4,73,00,00,000,R,DE247,2013-01-01T00:00:00.000Z,1444499816.81006,413977.67933163
275,09474,09474,094740126126,Forchheim,Landkreis,43,--,09,4,74,00,00,000,R,DE248,2009-01-01T00:00:00.000Z,1536468445.97119,311564.149226772
276,09475,09475,094640000000,Hof,Landkreis,43,--,09,4,75,00,00,000,R,DE249,1978-05-01T00:00:00.000Z,2184683929.29736,457516.347200205
277,09476,09476,094760145145,Kronach,Landkreis,43,--,09,4,76,00,00,000,R,DE24A,2009-01-01T00:00:00.000Z,1596621880.4043,305332.808451172
278,09477,09477,094770128128,Kulmbach,Landkreis,43,--,09,4,77,00,00,000,R,DE24B,2013-04-01T00:00:00.000Z,1597553315.28613,316481.908241949
279,09478,09478,094780139139,Lichtenfels,Landkreis,43,--,09,4,78,00,00,000,R,DE24C,2013-01-01T00:00:00.000Z,1262243170.02832,291669.697978719
280,09479,09479,094790169169,Wunsiedel i. Fichtelgebirge,Landkreis,43,--,09,4,79,00,00,000,R,DE24D,2009-01-01T00:00:00.000Z,1470891647.93652,229696.781105905
281,09561,09561,095610000000,Ansbach,Kreisfreie Stadt,40,--,09,5,61,00,00,000,R,DE251,2010-01-01T00:00:00.000Z,234428203.288574,107768.411675983
282,09562,09562,095620000000,Erlangen,Kreisfreie Stadt,40,--,09,5,62,00,00,000,R,DE252,1972-07-01T00:00:00.000Z,185360047.046387,81969.2293979438
283,09563,09563,095630000000,Fürth,Kreisfreie Stadt,40,--,09,5,63,00,00,000,R,DE253,1972-07-01T00:00:00.000Z,149880127.096191,70522.7946497299
284,09564,09564,095640000000,Nürnberg,Kreisfreie Stadt,40,--,09,5,64,00,00,000,R,DE254,2004-12-31T00:00:00.000Z,443366725.353516,212538.919363401
285,09565,09565,095650000000,Schwabach,Kreisfreie Stadt,40,--,09,5,65,00,00,000,R,DE255,1972-07-01T00:00:00.000Z,95756210.0742188,68152.0807638008
286,09571,09571,095610000000,Ansbach,Landkreis,43,--,09,5,71,00,00,000,R,DE256,2014-06-01T00:00:00.000Z,4624980427.68506,669676.486908626
287,09572,09572,095620000000,Erlangen-Höchstadt,Landkreis,43,--,09,5,72,00,00,000,R,DE257,2004-12-31T00:00:00.000Z,1344621766.99121,466165.656224013
288,09573,09573,095730134134,Fürth,Landkreis,43,--,09,5,73,00,00,000,R,DE258,2009-01-01T00:00:00.000Z,725958301.856934,182549.297785289
289,09574,09574,095740138138,Nürnberger Land,Landkreis,43,--,09,5,74,00,00,000,R,DE259,2009-01-01T00:00:00.000Z,1888763324.90234,430777.346377833
290,09575,09575,095750153153,Neustadt a.d. Aisch-Bad Windsheim,Landkreis,43,--,09,5,75,00,00,000,R,DE25A,2014-06-01T00:00:00.000Z,3011470107.75928,440970.729161299
291,09576,09576,095760143143,Roth,Landkreis,43,--,09,5,76,00,00,000,R,DE25B,2009-01-01T00:00:00.000Z,2094729469.13086,458466.214634361
292,09577,09577,095770177177,Weißenburg-Gunzenhausen,Landkreis,43,--,09,5,77,00,00,000,R,DE25C,2009-01-01T00:00:00.000Z,2255344017.88574,339821.848672672
293,09661,09661,096610000000,Aschaffenburg,Kreisfreie Stadt,40,--,09,6,61,00,00,000,R,DE261,1978-05-01T00:00:00.000Z,149556447.657715,78276.0983066359
294,09662,09662,096620000000,Schweinfurt,Kreisfreie Stadt,40,--,09,6,62,00,00,000,R,DE262,1972-07-01T00:00:00.000Z,85969900.8588867,61481.2361107236
295,09663,09663,096630000000,Würzburg,Kreisfreie Stadt,40,--,09,6,63,00,00,000,R,DE263,1978-01-01T00:00:00.000Z,210367277.312012,100627.76217198
296,09671,09671,096610000000,Aschaffenburg,Landkreis,43,--,09,6,71,00,00,000,R,DE264,2011-07-01T00:00:00.000Z,1690671265.7002,356443.831254597
297,09672,09672,096720114114,Bad Kissingen,Landkreis,43,--,09,6,72,00,00,000,R,DE265,2015-01-01T00:00:00.000Z,2776105545.08643,436166.925807467
298,09673,09673,096730114114,Rhön-Grabfeld,Landkreis,43,--,09,6,73,00,00,000,R,DE266,2015-01-01T00:00:00.000Z,2508239627.60693,401390.653965524
299,09674,09674,096740147147,Haßberge,Landkreis,43,--,09,6,74,00,00,000,R,DE267,2009-01-01T00:00:00.000Z,2318393206.01709,389118.335654789
300,09675,09675,096750141141,Kitzingen,Landkreis,43,--,09,6,75,00,00,000,R,DE268,2009-01-01T00:00:00.000Z,1636600453.49756,311087.396184111
301,09676,09676,096760139139,Miltenberg,Landkreis,43,--,09,6,76,00,00,000,R,DE269,2009-01-01T00:00:00.000Z,1711970385.41553,349071.168851838
302,09677,09677,096770148148,Main-Spessart,Landkreis,43,--,09,6,77,00,00,000,R,DE26A,2009-01-01T00:00:00.000Z,3194651644.57275,445759.576479477
303,09678,09678,096620000000,Schweinfurt,Landkreis,43,--,09,6,78,00,00,000,R,DE26B,1972-07-01T00:00:00.000Z,2035518607.02344,505065.716573541
304,09679,09679,096630000000,Würzburg,Landkreis,43,--,09,6,79,00,00,000,R,DE26C,1997-01-01T00:00:00.000Z,2312828197.04541,521053.325577849
305,09761,09761,097610000000,Augsburg,Kreisfreie Stadt,40,--,09,7,61,00,00,000,R,DE271,2015-10-01T00:00:00.000Z,331276555.280273,129842.845924925
306,09762,09762,097620000000,Kaufbeuren,Kreisfreie Stadt,40,--,09,7,62,00,00,000,R,DE272,1972-07-01T00:00:00.000Z,89869590.2558594,58684.0701367873
307,09763,09763,097630000000,Kempten (Allgäu),Kreisfreie Stadt,40,--,09,7,63,00,00,000,R,DE273,1972-07-01T00:00:00.000Z,139762222.994629,79526.6717571655
308,09764,09764,097640000000,Memmingen,Kreisfreie Stadt,40,--,09,7,64,00,00,000,R,DE274,1978-05-01T00:00:00.000Z,155796109.017578,94265.639770771
309,09771,09771,097710113113,Aichach-Friedberg,Landkreis,43,--,09,7,71,00,00,000,R,DE275,2015-10-01T00:00:00.000Z,1769636610.60596,340565.095482977
310,09772,09772,097610000000,Augsburg,Landkreis,43,--,09,7,72,00,00,000,R,DE276,2016-07-01T00:00:00.000Z,2424713359.69141,464836.615835195
311,09773,09773,097730125125,Dillingen a.d. Donau,Landkreis,43,--,09,7,73,00,00,000,R,DE277,2009-01-01T00:00:00.000Z,1808304085.4248,365898.444706698
312,09774,09774,097740135135,Günzburg,Landkreis,43,--,09,7,74,00,00,000,R,DE278,2016-07-01T00:00:00.000Z,1727564588.0835,349022.166820273
313,09775,09775,097750135135,Neu-Ulm,Landkreis,43,--,09,7,75,00,00,000,R,DE279,2009-01-01T00:00:00.000Z,1164308368.68066,224160.35320232
314,09776,09776,097760116116,Lindau (Bodensee),Landkreis,43,--,09,7,76,00,00,000,R,DE27A,2009-01-01T00:00:00.000Z,710488816.275879,213180.047759499
315,09777,09777,097770151151,Ostallgäu,Landkreis,43,--,09,7,77,00,00,000,R,DE27B,2009-01-01T00:00:00.000Z,3082296469.80811,608257.458272111
316,09778,09778,097780173173,Unterallgäu,Landkreis,43,--,09,7,78,00,00,000,R,DE27C,2009-01-01T00:00:00.000Z,2749104332.89844,486864.4007001
317,09779,09779,097790131131,Donau-Ries,Landkreis,43,--,09,7,79,00,00,000,R,DE27D,2009-01-01T00:00:00.000Z,2935087943.21875,507734.638692511
318,09780,09780,097800139139,Oberallgäu,Landkreis,43,--,09,7,80,00,00,000,R,DE27E,2009-01-01T00:00:00.000Z,3355986508.96924,506533.124150057
319,10041,10041,100410100100,Regionalverband Saarbrücken,Landkreis,45,Sonderverband,10,0,41,00,00,000,R,DEC01,2009-01-01T00:00:00.000Z,964958663.567871,246818.843857156
320,10042,10042,100420113113,Merzig-Wadern,Landkreis,43,--,10,0,42,00,00,000,R,DEC02,2009-01-01T00:00:00.000Z,1318674891.17285,238173.023459147
321,10043,10043,100430115115,Neunkirchen,Landkreis,43,--,10,0,43,00,00,000,R,DEC03,2009-01-01T00:00:00.000Z,584725256.114258,165431.496456259
322,10044,10044,100440115115,Saarlouis,Landkreis,43,--,10,0,44,00,00,000,R,DEC04,2009-01-01T00:00:00.000Z,1080689313.76807,243313.569788969
323,10045,10045,100450114114,Saarpfalz-Kreis,Landkreis,43,--,10,0,45,00,00,000,R,DEC05,2009-01-01T00:00:00.000Z,982515053.039551,244420.290196264
324,10046,10046,100460117117,St. Wendel,Landkreis,43,--,10,0,46,00,00,000,R,DEC06,2009-01-01T00:00:00.000Z,1129166509.54688,226123.112764209
325,11000,11000,110000000000,Berlin,Kreisfreie Stadt,40,--,11,0,00,00,00,000,R,DE300,1990-10-03T00:00:00.000Z,2402459836.84375,363979.194421131
326,12051,12051,120510000000,Brandenburg an der Havel,Kreisfreie Stadt,40,--,12,0,51,00,00,000,R,DE401,2012-10-01T00:00:00.000Z,615018149.063477,230904.060759442
327,12052,12052,120520000000,Cottbus,Kreisfreie Stadt,40,--,12,0,52,00,00,000,R,DE402,2003-10-26T00:00:00.000Z,430453421.845703,141414.744467566
328,12053,12053,120530000000,Frankfurt (Oder),Kreisfreie Stadt,40,--,12,0,53,00,00,000,R,DE403,2002-05-31T00:00:00.000Z,394813325.427734,108148.929429004
329,12054,12054,120540000000,Potsdam,Kreisfreie Stadt,40,--,12,0,54,00,00,000,R,DE404,2014-09-11T00:00:00.000Z,501969889.639648,157741.967288232
330,12060,12060,120600052052,Barnim,Landkreis,43,--,12,0,60,00,00,000,R,DE405,2009-01-01T00:00:00.000Z,4048232579.58398,561487.388365528
331,12061,12061,120610316316,Dahme-Spreewald,Landkreis,43,--,12,0,61,00,00,000,R,DE406,2015-01-19T00:00:00.000Z,6005849661.96973,707702.598142955
332,12062,12062,120620224224,Elbe-Elster,Landkreis,43,--,12,0,62,00,00,000,R,DE407,2009-01-01T00:00:00.000Z,4920405089.92285,490272.921225167
333,12063,12063,120630252252,Havelland,Landkreis,43,--,12,0,63,00,00,000,R,DE408,2012-10-01T00:00:00.000Z,4679073521.71094,566879.444512414
334,12064,12064,120640448448,Märkisch-Oderland,Landkreis,43,--,12,0,64,00,00,000,R,DE409,2009-01-01T00:00:00.000Z,5840478692.04492,517312.914503819
335,12065,12065,120650256256,Oberhavel,Landkreis,43,--,12,0,65,00,00,000,R,DE40A,2009-01-01T00:00:00.000Z,4961528194.44238,596335.662748873
336,12066,12066,120660304304,Oberspreewald-Lausitz,Landkreis,43,--,12,0,66,00,00,000,R,DE40B,2009-01-01T00:00:00.000Z,3167294887.87793,406805.726797191
337,12067,12067,120670036036,Oder-Spree,Landkreis,43,--,12,0,67,00,00,000,R,DE40C,2015-01-19T00:00:00.000Z,6010790494.66211,612267.25856637
338,12068,12068,120680320320,Ostprignitz-Ruppin,Landkreis,43,--,12,0,68,00,00,000,R,DE40D,2011-01-01T00:00:00.000Z,6958846398.23145,635788.744698311
339,12069,12069,120690020020,Potsdam-Mittelmark,Landkreis,43,--,12,0,69,00,00,000,R,DE40E,2014-09-11T00:00:00.000Z,6905788059.71191,770785.234969923
340,12070,12070,120700296296,Prignitz,Landkreis,43,--,12,0,70,00,00,000,R,DE40F,2009-01-01T00:00:00.000Z,5924414500.08154,524252.277895557
341,12071,12071,120710076076,Spree-Neiße,Landkreis,43,--,12,0,71,00,00,000,R,DE40G,2009-01-01T00:00:00.000Z,4318333155.7207,563602.709373864
342,12072,12072,120720232232,Teltow-Fläming,Landkreis,43,--,12,0,72,00,00,000,R,DE40H,2009-01-01T00:00:00.000Z,5559984642.07715,518986.668721561
343,12073,12073,120730452452,Uckermark,Landkreis,43,--,12,0,73,00,00,000,R,DE40I,2009-01-01T00:00:00.000Z,8558502951.2373,654739.735722502
344,13003,13003,130030000000,Rostock,Kreisfreie Stadt,40,--,13,0,03,00,00,000,R,DE803,2007-01-01T00:00:00.000Z,492027846.923828,229883.861346282
345,13004,13004,130040000000,Schwerin,Kreisfreie Stadt,40,--,13,0,04,00,00,000,R,DE804,1990-10-03T00:00:00.000Z,368935348.645508,117087.975139981
346,13071,13071,130710107107,Mecklenburgische Seenplatte,Landkreis,43,--,13,0,71,00,00,000,R,DE80J,2011-09-04T00:00:00.000Z,15533861645.7227,864480.582940127
347,13072,13072,130720043043,Rostock,Landkreis,43,--,13,0,72,00,00,000,R,DE80K,2011-09-04T00:00:00.000Z,9863753550.49219,797789.425617501
348,13073,13073,130730088088,Vorpommern-Rügen,Landkreis,43,--,13,0,73,00,00,000,R,DE80L,2011-09-04T00:00:00.000Z,9262793947.40137,1936463.28290142
349,13074,13074,130740087087,Nordwestmecklenburg,Landkreis,43,--,13,0,74,00,00,000,R,DE80M,2011-09-04T00:00:00.000Z,6085167315.15674,717122.949139772
350,13075,13075,130750039039,Vorpommern-Greifswald,Landkreis,43,--,13,0,75,00,00,000,R,DE80N,2011-09-04T00:00:00.000Z,10849427413.8955,1403288.49504526
351,13076,13076,130760108108,Ludwigslust-Parchim,Landkreis,43,--,13,0,76,00,00,000,R,DE80O,2014-11-01T00:00:00.000Z,13416958904.6621,914647.232335424
352,14511,14511,145110000000,Chemnitz,Kreisfreie Stadt,40,--,14,5,11,00,00,000,K,DED41,2008-08-01T00:00:00.000Z,553513284.298828,150701.949392835
353,14521,14521,145210020020,Erzgebirgskreis,Landkreis,43,--,14,5,21,00,00,000,K,DED42,2012-12-01T00:00:00.000Z,4530707257.01172,498158.99540533
354,14522,14522,145220180180,Mittelsachsen,Landkreis,43,--,14,5,22,00,00,000,K,DED43,2015-07-01T00:00:00.000Z,5321350924.07715,585981.378223388
355,14523,14523,145230320320,Vogtlandkreis,Landkreis,43,--,14,5,23,00,00,000,K,DED44,2009-01-01T00:00:00.000Z,3479973353.61182,488884.851184201
356,14524,14524,145240330330,Zwickau,Landkreis,43,--,14,5,24,00,00,000,K,DED45,2012-12-01T00:00:00.000Z,2369282197.93066,373187.220450827
357,14612,14612,146120000000,Dresden,Kreisfreie Stadt,40,--,14,6,12,00,00,000,K,DED21,2008-08-01T00:00:00.000Z,829293872.291992,199726.108000547
358,14625,14625,146250020020,Bautzen,Landkreis,43,--,14,6,25,00,00,000,K,DED2C,2009-01-01T00:00:00.000Z,6111152229.99121,552282.118704641
359,14626,14626,146260110110,Görlitz,Landkreis,43,--,14,6,26,00,00,000,K,DED2D,2009-01-01T00:00:00.000Z,5375447524.78223,546597.397826281
360,14627,14627,146270140140,Meißen,Landkreis,43,--,14,6,27,00,00,000,K,DED2E,2015-07-01T00:00:00.000Z,3713630334.66992,417980.312049377
361,14628,14628,146285229270,Sächsische Schweiz-Osterzgebirge,Landkreis,43,--,14,6,28,00,00,000,K,DED2F,2013-04-11T00:00:00.000Z,4155034186.00391,456651.143515546
362,14713,14713,147130000000,Leipzig,Kreisfreie Stadt,40,--,14,7,13,00,00,000,K,DED51,2008-08-01T00:00:00.000Z,765219134.916016,193486.755685929
363,14729,14729,147290050050,Leipzig,Landkreis,43,--,14,7,29,00,00,000,K,DED52,2014-02-01T00:00:00.000Z,4204149199.69238,542575.442340245
364,14730,14730,147305311310,Nordsachsen,Landkreis,43,--,14,7,30,00,00,000,K,DED53,2008-08-01T00:00:00.000Z,5218035017.75,657404.671186318
365,15001,15001,150010000000,Dessau-Roßlau,Kreisfreie Stadt,40,--,15,0,01,00,00,000,R,DEE01,2007-07-01T00:00:00.000Z,644586101.673828,187462.635447758
366,15002,15002,150020000000,Halle (Saale),Kreisfreie Stadt,40,--,15,0,02,00,00,000,R,DEE02,2007-07-01T00:00:00.000Z,349419255.788086,124757.44356836
367,15003,15003,150030000000,Magdeburg,Kreisfreie Stadt,40,--,15,0,03,00,00,000,R,DEE03,2007-07-01T00:00:00.000Z,530931536.323242,137889.1320914
368,15081,15081,150810455455,Altmarkkreis Salzwedel,Landkreis,43,--,15,0,81,00,00,000,R,DEE04,2009-01-01T00:00:00.000Z,6256833589.6958,501171.646360436
369,15082,15082,150820180180,Anhalt-Bitterfeld,Landkreis,43,--,15,0,82,00,00,000,R,DEE05,2009-01-01T00:00:00.000Z,3812804253.94922,548199.000328201
370,15083,15083,150830270270,Börde,Landkreis,43,--,15,0,83,00,00,000,R,DEE07,2009-01-01T00:00:00.000Z,6323543871.44189,607307.558152341
371,15084,15084,150840355355,Burgenlandkreis,Landkreis,43,--,15,0,84,00,00,000,R,DEE08,2014-02-01T00:00:00.000Z,3600472656.82227,470699.39035641
372,15085,15085,150850135135,Harz,Landkreis,43,--,15,0,85,00,00,000,R,DEE09,2009-01-01T00:00:00.000Z,5508699520.76758,526534.91835961
373,15086,15086,150860015015,Jerichower Land,Landkreis,43,--,15,0,86,00,00,000,R,DEE06,2009-01-01T00:00:00.000Z,4235752326.66504,404313.16604603
374,15087,15087,150870370370,Mansfeld-Südharz,Landkreis,43,--,15,0,87,00,00,000,R,DEE0A,2009-01-01T00:00:00.000Z,3758073831.52197,532095.063600169
375,15088,15088,150880220220,Saalekreis,Landkreis,43,--,15,0,88,00,00,000,R,DEE0B,2007-07-01T00:00:00.000Z,3699105595.56641,595866.046833355
376,15089,15089,150890030030,Salzlandkreis,Landkreis,43,--,15,0,89,00,00,000,R,DEE0C,2007-07-12T00:00:00.000Z,3755595436.44678,426501.535820084
377,15090,15090,150900535535,Stendal,Landkreis,43,--,15,0,90,00,00,000,R,DEE0D,2007-07-01T00:00:00.000Z,6623787371.13965,640432.672854259
378,15091,15091,150910375375,Wittenberg,Landkreis,43,--,15,0,91,00,00,000,R,DEE0E,2009-01-01T00:00:00.000Z,5077383787.2998,465899.243027336
379,16051,16051,160510000000,Erfurt,Kreisfreie Stadt,40,--,16,0,51,00,00,000,R,DEG01,1994-10-12T00:00:00.000Z,681167188.891602,168663.469242766
380,16052,16052,160520000000,Gera,Kreisfreie Stadt,40,--,16,0,52,00,00,000,R,DEG02,1994-07-01T00:00:00.000Z,382282770.803711,118847.014512492
381,16053,16053,160530000000,Jena,Kreisfreie Stadt,40,--,16,0,53,00,00,000,R,DEG03,1994-07-01T00:00:00.000Z,288667695.870117,109100.177315238
382,16054,16054,160540000000,Suhl,Kreisfreie Stadt,40,--,16,0,54,00,00,000,R,DEG04,1994-07-01T00:00:00.000Z,254141517.659668,128821.869606829
383,16055,16055,160550000000,Weimar,Kreisfreie Stadt,40,--,16,0,55,00,00,000,R,DEG05,1994-07-01T00:00:00.000Z,212715062.521973,101517.546704877
384,16056,16056,160560000000,Eisenach,Kreisfreie Stadt,40,--,16,0,56,00,00,000,R,DEG0N,1998-01-01T00:00:00.000Z,263356229.4375,109059.225915797
385,16061,16061,160610045045,Eichsfeld,Landkreis,43,--,16,0,61,00,00,000,R,DEG06,2009-01-01T00:00:00.000Z,2416363026.29004,332684.457689257
386,16062,16062,160620041041,Nordhausen,Landkreis,43,--,16,0,62,00,00,000,R,DEG07,2009-01-01T00:00:00.000Z,1840466247.28027,296739.153571385
387,16063,16063,160635051003,Wartburgkreis,Landkreis,43,--,16,0,63,00,00,000,R,DEG0P,2009-01-01T00:00:00.000Z,3277612203.05566,671093.754646807
388,16064,16064,160640046046,Unstrut-Hainich-Kreis,Landkreis,43,--,16,0,64,00,00,000,R,DEG09,2009-01-01T00:00:00.000Z,2488654062.75977,344380.719684237
389,16065,16065,160650067067,Kyffhäuserkreis,Landkreis,43,--,16,0,65,00,00,000,R,DEG0A,2009-01-01T00:00:00.000Z,2654159830.88623,433770.346667776
390,16066,16066,160665050042,Schmalkalden-Meiningen,Landkreis,43,--,16,0,66,00,00,000,R,DEG0B,2009-01-01T00:00:00.000Z,3005494619.32764,448443.390849901
391,16067,16067,160670029029,Gotha,Landkreis,43,--,16,0,67,00,00,000,R,DEG0C,2009-01-01T00:00:00.000Z,2351244665.73926,316890.319003593
392,16068,16068,160680051051,Sömmerda,Landkreis,43,--,16,0,68,00,00,000,R,DEG0D,2009-01-01T00:00:00.000Z,2048485378.63818,366673.149673678
393,16069,16069,160690024024,Hildburghausen,Landkreis,43,--,16,0,69,00,00,000,R,DEG0E,2009-01-01T00:00:00.000Z,2308270442.14941,417132.74499351
394,16070,16070,160705050004,Ilm-Kreis,Landkreis,43,--,16,0,70,00,00,000,R,DEG0F,2009-01-01T00:00:00.000Z,2103160739.51465,351415.258189281
395,16071,16071,160710001001,Weimarer Land,Landkreis,43,--,16,0,71,00,00,000,R,DEG0G,2009-01-01T00:00:00.000Z,2025759467.89111,428039.323133346
396,16072,16072,160720018018,Sonneberg,Landkreis,43,--,16,0,72,00,00,000,R,DEG0H,2009-01-01T00:00:00.000Z,1065088757.10547,252597.064538575
397,16073,16073,160730077077,Saalfeld-Rudolstadt,Landkreis,43,--,16,0,73,00,00,000,R,DEG0I,2009-01-01T00:00:00.000Z,2573320768.05615,455088.047688967
398,16074,16074,160745052018,Saale-Holzland-Kreis,Landkreis,43,--,16,0,74,00,00,000,R,DEG0J,2009-01-01T00:00:00.000Z,2047912875.00195,372357.946020017
399,16075,16075,160750098098,Saale-Orla-Kreis,Landkreis,43,--,16,0,75,00,00,000,R,DEG0K,2009-01-01T00:00:00.000Z,2852667732.80176,401160.811441926
400,16076,16076,160765052022,Greiz,Landkreis,43,--,16,0,76,00,00,000,R,DEG0L,2009-01-01T00:00:00.000Z,2111001762.49316,454967.842196342
401,16077,16077,160770001001,Altenburger Land,Landkreis,43,--,16,0,77,00,00,000,R,DEG0M,2014-02-01T00:00:00.000Z,1433182876.47754,252550.825553091
